,#,Name,Type 1,Type 2,HP,Attack,Defense,Sp. Atk,Sp. Def,Speed,Generation,Legendary,Victory_Rate,Total_Battles,Victory_Counts
0,1,Bulbasaur,Grass,Poison,45,49,49,65,65,45,1,False,0.2781954887218045,133.0,37.0
1,2,Ivysaur,Grass,Poison,60,62,63,80,80,60,1,False,0.38016528925619836,121.0,46.0
2,3,Venusaur,Grass,Poison,80,82,83,100,100,80,1,False,0.6742424242424242,132.0,89.0
3,4,Mega Venusaur,Grass,Poison,80,100,123,122,120,80,1,False,0.56,125.0,70.0
4,5,Charmander,Fire,,39,52,43,60,50,65,1,False,0.49107142857142855,112.0,55.0
5,6,Charmeleon,Fire,,58,64,58,80,65,80,1,False,0.5423728813559322,118.0,64.0
6,7,Charizard,Fire,Flying,78,84,78,109,85,100,1,False,0.8646616541353384,133.0,115.0
7,8,Mega Charizard X,Fire,Dragon,78,130,111,130,85,100,1,False,0.8561151079136691,139.0,119.0
8,9,Mega Charizard Y,Fire,Flying,78,104,78,159,115,100,1,False,0.8444444444444444,135.0,114.0
9,10,Squirtle,Water,,44,48,65,50,64,43,1,False,0.1623931623931624,117.0,19.0
10,11,Wartortle,Water,,59,63,80,65,80,58,1,False,0.41843971631205673,141.0,59.0
11,12,Blastoise,Water,,79,83,100,85,105,78,1,False,0.0,0.0,0.0
12,13,Mega Blastoise,Water,,79,103,120,135,115,78,1,False,0.5763888888888888,144.0,83.0
13,14,Caterpie,Bug,,45,30,35,20,20,45,1,False,0.14782608695652175,115.0,17.0
14,15,Metapod,Bug,,50,20,55,25,25,30,1,False,0.09774436090225563,133.0,13.0
15,16,Butterfree,Bug,Flying,60,45,50,90,80,70,1,False,0.625,120.0,75.0
16,17,Weedle,Bug,Poison,40,35,30,20,20,50,1,False,0.23423423423423423,111.0,26.0
17,18,Kakuna,Bug,Poison,45,25,50,25,25,35,1,False,0.13076923076923078,130.0,17.0
18,19,Beedrill,Bug,Poison,65,90,40,45,80,75,1,False,0.625,128.0,80.0
19,20,Mega Beedrill,Bug,Poison,65,150,40,15,80,145,1,False,0.9663865546218487,119.0,115.0
20,21,Pidgey,Normal,Flying,40,45,40,35,35,56,1,False,0.373015873015873,126.0,47.0
21,22,Pidgeotto,Normal,Flying,63,60,55,50,50,71,1,False,0.5289256198347108,121.0,64.0
22,23,Pidgeot,Normal,Flying,83,80,75,70,70,101,1,False,0.8615384615384616,130.0,112.0
23,24,Mega Pidgeot,Normal,Flying,83,80,80,135,80,121,1,False,0.9444444444444444,126.0,119.0
24,25,Rattata,Normal,,30,56,35,25,35,72,1,False,0.48148148148148145,135.0,65.0
25,26,Raticate,Normal,,55,81,60,50,70,97,1,False,0.7214285714285714,140.0,101.0
26,27,Spearow,Normal,Flying,40,60,30,31,31,70,1,False,0.4492753623188406,138.0,62.0
27,28,Fearow,Normal,Flying,65,90,65,61,61,100,1,False,0.8373983739837398,123.0,103.0
28,29,Ekans,Poison,,35,60,44,40,54,55,1,False,0.366412213740458,131.0,48.0
29,30,Arbok,Poison,,60,85,69,65,79,80,1,False,0.576,125.0,72.0
30,31,Pikachu,Electric,,35,55,40,50,50,90,1,False,0.6838235294117647,136.0,93.0
31,32,Raichu,Electric,,60,90,55,90,80,110,1,False,0.8677685950413223,121.0,105.0
32,33,Sandshrew,Ground,,50,75,85,20,30,40,1,False,0.0,0.0,0.0
33,34,Sandslash,Ground,,75,100,110,45,55,65,1,False,0.5333333333333333,105.0,56.0
34,35,Nidoran♀,Poison,,55,47,52,40,40,41,1,False,0.16806722689075632,119.0,20.0
35,36,Nidorina,Poison,,70,62,67,55,55,56,1,False,0.38513513513513514,148.0,57.0
36,37,Nidoqueen,Poison,Ground,90,92,87,75,85,76,1,False,0.5409836065573771,122.0,66.0
37,38,Nidoran♂,Poison,,46,57,40,40,40,50,1,False,0.25,136.0,34.0
38,39,Nidorino,Poison,,61,72,57,55,55,65,1,False,0.3984375,128.0,51.0
39,40,Nidoking,Poison,Ground,81,102,77,85,75,85,1,False,0.5642857142857143,140.0,79.0
40,41,Clefairy,Fairy,,70,45,48,60,65,35,1,False,0.15748031496062992,127.0,20.0
41,42,Clefable,Fairy,,95,70,73,95,90,60,1,False,0.3983739837398374,123.0,49.0
42,43,Vulpix,Fire,,38,41,40,50,65,65,1,False,0.4108527131782946,129.0,53.0
43,44,Ninetales,Fire,,73,76,75,81,100,100,1,False,0.8110236220472441,127.0,103.0
44,45,Jigglypuff,Normal,Fairy,115,45,20,45,25,20,1,False,0.11538461538461539,130.0,15.0
45,46,Wigglytuff,Normal,Fairy,140,70,45,85,50,45,1,False,0.0,0.0,0.0
46,47,Zubat,Poison,Flying,40,45,35,30,40,55,1,False,0.3793103448275862,145.0,55.0
47,48,Golbat,Poison,Flying,75,80,70,65,75,90,1,False,0.7578125,128.0,97.0
48,49,Oddish,Grass,Poison,45,50,55,75,65,30,1,False,0.06293706293706294,143.0,9.0
49,50,Gloom,Grass,Poison,60,65,70,85,75,40,1,False,0.21705426356589147,129.0,28.0
50,51,Vileplume,Grass,Poison,75,80,85,110,90,50,1,False,0.3548387096774194,124.0,44.0
51,52,Paras,Bug,Grass,35,70,55,45,55,25,1,False,0.09420289855072464,138.0,13.0
52,53,Parasect,Bug,Grass,60,95,80,60,80,30,1,False,0.19480519480519481,154.0,30.0
53,54,Venonat,Bug,Poison,60,55,50,40,55,45,1,False,0.22377622377622378,143.0,32.0
54,55,Venomoth,Bug,Poison,70,65,60,90,75,90,1,False,0.6571428571428571,140.0,92.0
55,56,Diglett,Ground,,10,55,25,35,45,95,1,False,0.5396825396825397,126.0,68.0
56,57,Dugtrio,Ground,,35,80,50,50,70,120,1,False,0.84375,128.0,108.0
57,58,Meowth,Normal,,40,45,35,40,40,90,1,False,0.65,140.0,91.0
58,59,Persian,Normal,,65,70,60,65,65,115,1,False,0.8583333333333333,120.0,103.0
59,60,Psyduck,Water,,50,52,48,65,50,55,1,False,0.33098591549295775,142.0,47.0
60,61,Golduck,Water,,80,82,78,95,80,85,1,False,0.6869565217391305,115.0,79.0
61,62,Mankey,Fighting,,40,80,35,35,45,70,1,False,0.4661016949152542,118.0,55.0
62,63,Primeape,Fighting,,65,105,60,60,70,95,1,False,0.7870370370370371,108.0,85.0
63,64,Growlithe,Fire,,55,70,45,70,50,60,1,False,0.45,120.0,54.0
64,65,Arcanine,Fire,,90,110,80,100,80,95,1,False,0.7982456140350878,114.0,91.0
65,66,Poliwag,Water,,40,50,40,40,40,90,1,False,0.0,0.0,0.0
66,67,Poliwhirl,Water,,65,65,65,50,50,90,1,False,0.72,125.0,90.0
67,68,Poliwrath,Water,Fighting,90,95,95,70,90,70,1,False,0.5230769230769231,130.0,68.0
68,69,Abra,Psychic,,25,20,15,105,55,90,1,False,0.32407407407407407,108.0,35.0
69,70,Kadabra,Psychic,,40,35,30,120,70,105,1,False,0.6692307692307692,130.0,87.0
70,71,Alakazam,Psychic,,55,50,45,135,95,120,1,False,0.7714285714285715,140.0,108.0
71,72,Mega Alakazam,Psychic,,55,50,65,175,95,150,1,False,0.7818181818181819,110.0,86.0
72,73,Machop,Fighting,,70,80,50,35,35,35,1,False,0.14,150.0,21.0
73,74,Machoke,Fighting,,80,100,70,50,60,45,1,False,0.25806451612903225,124.0,32.0
74,75,Machamp,Fighting,,90,130,80,65,85,55,1,False,0.4396551724137931,116.0,51.0
75,76,Bellsprout,Grass,Poison,50,75,35,70,30,40,1,False,0.21296296296296297,108.0,23.0
76,77,Weepinbell,Grass,Poison,65,90,50,85,45,55,1,False,0.371900826446281,121.0,45.0
77,78,Victreebel,Grass,Poison,80,105,65,100,70,70,1,False,0.0,0.0,0.0
78,79,Tentacool,Water,Poison,40,40,35,50,100,70,1,False,0.5031847133757962,157.0,79.0
79,80,Tentacruel,Water,Poison,80,70,65,80,120,100,1,False,0.8034188034188035,117.0,94.0
80,81,Geodude,Rock,Ground,40,80,100,30,30,20,1,False,0.11851851851851852,135.0,16.0
81,82,Graveler,Rock,Ground,55,95,115,45,45,35,1,False,0.2116788321167883,137.0,29.0
82,83,Golem,Rock,Ground,80,120,130,55,65,45,1,False,0.37037037037037035,135.0,50.0
83,84,Ponyta,Fire,,50,85,55,65,65,90,1,False,0.7478260869565218,115.0,86.0
84,85,Rapidash,Fire,,65,100,70,80,80,105,1,False,0.8666666666666667,105.0,91.0
85,86,Slowpoke,Water,Psychic,90,65,65,40,40,15,1,False,0.19672131147540983,122.0,24.0
86,87,Slowbro,Water,Psychic,95,75,110,100,80,30,1,False,0.15267175572519084,131.0,20.0
87,88,Mega Slowbro,Water,Psychic,95,75,180,130,80,30,1,False,0.13793103448275862,116.0,16.0
88,89,Magnemite,Electric,Steel,25,35,70,95,55,45,1,False,0.16783216783216784,143.0,24.0
89,90,Magneton,Electric,Steel,50,60,95,120,70,70,1,False,0.0,0.0,0.0
90,91,Farfetch'd,Normal,Flying,52,65,55,58,62,60,1,False,0.4482758620689655,116.0,52.0
91,92,Doduo,Normal,Flying,35,85,45,35,35,75,1,False,0.6492537313432836,134.0,87.0
92,93,Dodrio,Normal,Flying,60,110,70,60,60,100,1,False,0.8461538461538461,143.0,121.0
93,94,Seel,Water,,65,45,55,45,70,45,1,False,0.24369747899159663,119.0,29.0
94,95,Dewgong,Water,Ice,90,70,80,70,95,70,1,False,0.5190839694656488,131.0,68.0
95,96,Grimer,Poison,,80,80,50,40,50,25,1,False,0.176056338028169,142.0,25.0
96,97,Muk,Poison,,105,105,75,65,100,50,1,False,0.37593984962406013,133.0,50.0
97,98,Shellder,Water,,30,65,100,45,25,40,1,False,0.1891891891891892,111.0,21.0
98,99,Cloyster,Water,Ice,50,95,180,85,45,70,1,False,0.5298507462686567,134.0,71.0
99,100,Gastly,Ghost,Poison,30,35,30,100,35,80,1,False,0.4765625,128.0,61.0
100,101,Haunter,Ghost,Poison,45,50,45,115,55,95,1,False,0.6936936936936937,111.0,77.0
101,102,Gengar,Ghost,Poison,60,65,60,130,75,110,1,False,0.7719298245614035,114.0,88.0
102,103,Mega Gengar,Ghost,Poison,60,65,80,170,95,130,1,False,0.8625954198473282,131.0,113.0
103,104,Onix,Rock,Ground,35,45,160,30,45,70,1,False,0.48148148148148145,135.0,65.0
104,105,Drowzee,Psychic,,60,48,45,43,90,42,1,False,0.21897810218978103,137.0,30.0
105,106,Hypno,Psychic,,85,73,70,73,115,67,1,False,0.5126050420168067,119.0,61.0
106,107,Krabby,Water,,30,105,90,25,25,50,1,False,0.2773722627737226,137.0,38.0
107,108,Kingler,Water,,55,130,115,50,50,75,1,False,0.5982142857142857,112.0,67.0
108,109,Voltorb,Electric,,40,30,50,55,55,100,1,False,0.584070796460177,113.0,66.0
109,110,Electrode,Electric,,60,50,70,80,80,140,1,False,0.8449612403100775,129.0,109.0
110,111,Exeggcute,Grass,Psychic,60,40,80,60,45,40,1,False,0.23529411764705882,136.0,32.0
111,112,Exeggutor,Grass,Psychic,95,95,85,125,65,55,1,False,0.3894736842105263,95.0,37.0
112,113,Cubone,Ground,,50,50,95,40,50,35,1,False,0.20279720279720279,143.0,29.0
113,114,Marowak,Ground,,60,80,110,50,80,45,1,False,0.2833333333333333,120.0,34.0
114,115,Hitmonlee,Fighting,,50,120,53,35,110,87,1,False,0.640625,128.0,82.0
115,116,Hitmonchan,Fighting,,50,105,79,35,110,76,1,False,0.6214285714285714,140.0,87.0
116,117,Lickitung,Normal,,90,55,75,60,75,30,1,False,0.13970588235294118,136.0,19.0
117,118,Koffing,Poison,,40,65,95,60,45,35,1,False,0.13986013986013987,143.0,20.0
118,119,Weezing,Poison,,65,90,120,85,70,60,1,False,0.43410852713178294,129.0,56.0
119,120,Rhyhorn,Ground,Rock,80,85,95,30,30,25,1,False,0.2857142857142857,119.0,34.0
120,121,Rhydon,Ground,Rock,105,130,120,45,45,40,1,False,0.4444444444444444,108.0,48.0
121,122,Chansey,Normal,,250,5,5,35,105,50,1,False,0.15306122448979592,98.0,15.0
122,123,Tangela,Grass,,65,55,115,100,40,60,1,False,0.3798449612403101,129.0,49.0
123,124,Kangaskhan,Normal,,105,95,80,40,80,90,1,False,0.753968253968254,126.0,95.0
124,125,Mega Kangaskhan,Normal,,105,125,100,60,100,100,1,False,0.8359375,128.0,107.0
125,126,Horsea,Water,,30,40,70,70,25,60,1,False,0.41353383458646614,133.0,55.0
126,127,Seadra,Water,,55,65,95,95,45,85,1,False,0.6610169491525424,118.0,78.0
127,128,Goldeen,Water,,45,67,60,35,50,63,1,False,0.5128205128205128,117.0,60.0
128,129,Seaking,Water,,80,92,65,65,80,68,1,False,0.4824561403508772,114.0,55.0
129,130,Staryu,Water,,30,45,55,70,55,85,1,False,0.5633802816901409,142.0,80.0
130,131,Starmie,Water,Psychic,60,75,85,100,85,115,1,False,0.8992248062015504,129.0,116.0
131,132,Mr. Mime,Psychic,Fairy,40,45,65,100,120,90,1,False,0.5588235294117647,136.0,76.0
132,133,Scyther,Bug,Flying,70,110,80,55,80,105,1,False,0.8794326241134752,141.0,124.0
133,134,Jynx,Ice,Psychic,65,50,35,115,95,95,1,False,0.7333333333333333,135.0,99.0
134,135,Electabuzz,Electric,,65,83,57,95,85,105,1,False,0.8914728682170543,129.0,115.0
135,136,Magmar,Fire,,65,95,57,100,85,93,1,False,0.7441860465116279,129.0,96.0
136,137,Pinsir,Bug,,65,125,100,55,70,85,1,False,0.6532258064516129,124.0,81.0
137,138,Mega Pinsir,Bug,Flying,65,155,120,65,90,105,1,False,0.8677685950413223,121.0,105.0
138,139,Tauros,Normal,,75,100,95,40,70,110,1,False,0.8717948717948718,117.0,102.0
139,140,Magikarp,Water,,20,10,55,15,20,80,1,False,0.17985611510791366,139.0,25.0
140,141,Gyarados,Water,Flying,95,125,79,60,100,81,1,False,0.6165413533834586,133.0,82.0
141,142,Mega Gyarados,Water,Dark,95,155,109,70,130,81,1,False,0.6788321167883211,137.0,93.0
142,143,Lapras,Water,Ice,130,85,80,85,95,60,1,False,0.43884892086330934,139.0,61.0
143,144,Ditto,Normal,,48,48,48,48,48,48,1,False,0.0,0.0,0.0
144,145,Eevee,Normal,,55,55,50,45,65,55,1,False,0.37373737373737376,99.0,37.0
145,146,Vaporeon,Water,,130,65,60,110,95,65,1,False,0.5227272727272727,132.0,69.0
146,147,Jolteon,Electric,,65,65,60,110,95,130,1,False,0.9253731343283582,134.0,124.0
147,148,Flareon,Fire,,65,130,60,95,110,65,1,False,0.5303030303030303,132.0,70.0
148,149,Porygon,Normal,,65,60,70,85,75,40,1,False,0.1796875,128.0,23.0
149,150,Omanyte,Rock,Water,35,40,100,90,55,35,1,False,0.1796875,128.0,23.0
150,151,Omastar,Rock,Water,70,60,125,115,70,55,1,False,0.35507246376811596,138.0,49.0
151,152,Kabuto,Rock,Water,30,80,90,55,45,55,1,False,0.4295774647887324,142.0,61.0
152,153,Kabutops,Rock,Water,60,115,105,65,70,80,1,False,0.7181818181818181,110.0,79.0
153,154,Aerodactyl,Rock,Flying,80,105,65,60,75,130,1,False,0.9645390070921985,141.0,136.0
154,155,Mega Aerodactyl,Rock,Flying,80,135,85,70,95,150,1,False,0.9844961240310077,129.0,127.0
155,156,Snorlax,Normal,,160,110,65,65,110,30,1,False,0.35714285714285715,112.0,40.0
156,157,Articuno,Ice,Flying,90,85,100,95,125,85,1,True,0.6834532374100719,139.0,95.0
157,158,Zapdos,Electric,Flying,90,90,85,125,90,100,1,True,0.768595041322314,121.0,93.0
158,159,Moltres,Fire,Flying,90,100,90,125,85,90,1,True,0.7352941176470589,136.0,100.0
159,160,Dratini,Dragon,,41,64,45,50,50,50,1,False,0.36752136752136755,117.0,43.0
160,161,Dragonair,Dragon,,61,84,65,70,70,70,1,False,0.5,116.0,58.0
161,162,Dragonite,Dragon,Flying,91,134,95,100,100,80,1,False,0.6304347826086957,138.0,87.0
162,163,Mewtwo,Psychic,,106,110,90,154,90,130,1,True,0.926829268292683,164.0,152.0
163,164,Mega Mewtwo X,Psychic,Fighting,106,190,100,154,100,130,1,True,0.9259259259259259,135.0,125.0
164,165,Mega Mewtwo Y,Psychic,,106,150,70,194,120,140,1,True,0.952,125.0,119.0
165,166,Mew,Psychic,,100,100,100,100,100,100,1,False,0.831858407079646,113.0,94.0
166,167,Chikorita,Grass,,45,49,65,49,65,45,2,False,0.275,120.0,33.0
167,168,Bayleef,Grass,,60,62,80,63,80,60,2,False,0.4336283185840708,113.0,49.0
168,169,Meganium,Grass,,80,82,100,83,100,80,2,False,0.6821705426356589,129.0,88.0
169,170,Cyndaquil,Fire,,39,52,43,60,50,65,2,False,0.5041322314049587,121.0,61.0
170,171,Quilava,Fire,,58,64,58,80,65,80,2,False,0.609271523178808,151.0,92.0
171,172,Typhlosion,Fire,,78,84,78,109,85,100,2,False,0.8620689655172413,116.0,100.0
172,173,Totodile,Water,,50,65,64,44,48,43,2,False,0.2196969696969697,132.0,29.0
173,174,Croconaw,Water,,65,80,80,59,63,58,2,False,0.4411764705882353,136.0,60.0
174,175,Feraligatr,Water,,85,105,100,79,83,78,2,False,0.5869565217391305,138.0,81.0
175,176,Sentret,Normal,,35,46,34,35,45,20,2,False,0.072,125.0,9.0
176,177,Furret,Normal,,85,76,64,45,55,90,2,False,0.6739130434782609,138.0,93.0
177,178,Hoothoot,Normal,Flying,60,30,30,36,56,50,2,False,0.32432432432432434,111.0,36.0
178,179,Noctowl,Normal,Flying,100,50,50,76,96,70,2,False,0.5,136.0,68.0
179,180,Ledyba,Bug,Flying,40,20,30,40,80,55,2,False,0.22764227642276422,123.0,28.0
180,181,Ledian,Bug,Flying,55,35,50,55,110,85,2,False,0.6277372262773723,137.0,86.0
181,182,Spinarak,Bug,Poison,40,60,40,40,40,30,2,False,0.0948905109489051,137.0,13.0
182,183,Ariados,Bug,Poison,70,90,70,60,60,40,2,False,0.0,0.0,0.0
183,184,Crobat,Poison,Flying,85,90,80,70,80,130,2,False,0.9262295081967213,122.0,113.0
184,185,Chinchou,Water,Electric,75,38,38,56,56,67,2,False,0.5263157894736842,114.0,60.0
185,186,Lanturn,Water,Electric,125,58,58,76,76,67,2,False,0.515625,128.0,66.0
186,187,Pichu,Electric,,20,40,15,35,35,60,2,False,0.34285714285714286,105.0,36.0
187,188,Cleffa,Fairy,,50,25,28,45,55,15,2,False,0.0625,112.0,7.0
188,189,Igglybuff,Normal,Fairy,90,30,15,40,20,15,2,False,0.043478260869565216,115.0,5.0
189,190,Togepi,Fairy,,35,20,65,40,65,20,2,False,0.02459016393442623,122.0,3.0
190,191,Togetic,Fairy,Flying,55,40,85,80,105,40,2,False,0.23622047244094488,127.0,30.0
191,192,Natu,Psychic,Flying,40,50,45,70,45,70,2,False,0.5517241379310345,116.0,64.0
192,193,Xatu,Psychic,Flying,65,75,70,95,70,95,2,False,0.7272727272727273,121.0,88.0
193,194,Mareep,Electric,,55,40,40,65,45,35,2,False,0.16428571428571428,140.0,23.0
194,195,Flaaffy,Electric,,70,55,55,80,60,45,2,False,0.2222222222222222,108.0,24.0
195,196,Ampharos,Electric,,90,75,85,115,90,55,2,False,0.3445378151260504,119.0,41.0
196,197,Mega Ampharos,Electric,Dragon,90,95,105,165,110,45,2,False,0.2890625,128.0,37.0
197,198,Bellossom,Grass,,75,80,95,90,100,50,2,False,0.2158273381294964,139.0,30.0
198,199,Marill,Water,Fairy,70,20,50,20,50,40,2,False,0.1557377049180328,122.0,19.0
199,200,Azumarill,Water,Fairy,100,50,80,60,80,50,2,False,0.34375,128.0,44.0
200,201,Sudowoodo,Rock,,70,100,115,30,65,30,2,False,0.24390243902439024,123.0,30.0
201,202,Politoed,Water,,90,75,75,90,100,70,2,False,0.5462184873949579,119.0,65.0
202,203,Hoppip,Grass,Flying,35,35,40,35,55,50,2,False,0.40336134453781514,119.0,48.0
203,204,Skiploom,Grass,Flying,55,45,50,45,65,80,2,False,0.5546218487394958,119.0,66.0
204,205,Jumpluff,Grass,Flying,75,55,70,55,95,110,2,False,0.8444444444444444,135.0,114.0
205,206,Aipom,Normal,,55,70,55,40,55,85,2,False,0.7073170731707317,123.0,87.0
206,207,Sunkern,Grass,,30,30,30,30,30,30,2,False,0.12612612612612611,111.0,14.0
207,208,Sunflora,Grass,,75,75,55,105,85,30,2,False,0.1619718309859155,142.0,23.0
208,209,Yanma,Bug,Flying,65,65,45,75,45,95,2,False,0.72,125.0,90.0
209,210,Wooper,Water,Ground,55,45,45,25,25,15,2,False,0.048,125.0,6.0
210,211,Quagsire,Water,Ground,95,85,85,65,65,35,2,False,0.2571428571428571,140.0,36.0
211,212,Espeon,Psychic,,65,65,60,130,95,110,2,False,0.823943661971831,142.0,117.0
212,213,Umbreon,Dark,,95,65,110,60,130,65,2,False,0.5275590551181102,127.0,67.0
213,214,Murkrow,Dark,Flying,60,85,42,85,42,91,2,False,0.8227848101265823,158.0,130.0
214,215,Slowking,Water,Psychic,95,75,80,100,110,30,2,False,0.24242424242424243,132.0,32.0
215,216,Misdreavus,Ghost,,60,60,60,85,85,85,2,False,0.631578947368421,133.0,84.0
216,217,Unown,Psychic,,48,72,48,72,48,48,2,False,0.25984251968503935,127.0,33.0
217,218,Wobbuffet,Psychic,,190,33,58,33,58,33,2,False,0.13432835820895522,134.0,18.0
218,219,Girafarig,Normal,Psychic,70,80,65,90,65,85,2,False,0.578125,128.0,74.0
219,220,Pineco,Bug,,50,65,90,35,35,15,2,False,0.14678899082568808,109.0,16.0
220,221,Forretress,Bug,Steel,75,90,140,60,60,40,2,False,0.3008130081300813,123.0,37.0
221,222,Dunsparce,Normal,,100,70,70,65,65,45,2,False,0.1897810218978102,137.0,26.0
222,223,Gligar,Ground,Flying,65,75,105,35,65,85,2,False,0.6940298507462687,134.0,93.0
223,224,Steelix,Steel,Ground,75,85,200,55,65,30,2,False,0.16778523489932887,149.0,25.0
224,225,Mega Steelix,Steel,Ground,75,125,230,55,95,30,2,False,0.3448275862068966,145.0,50.0
225,226,Snubbull,Fairy,,60,80,50,40,40,30,2,False,0.15328467153284672,137.0,21.0
226,227,Granbull,Fairy,,90,120,75,60,60,45,2,False,0.29411764705882354,119.0,35.0
227,228,Qwilfish,Water,Poison,65,95,75,55,55,85,2,False,0.6933333333333334,150.0,104.0
228,229,Scizor,Bug,Steel,70,130,100,55,80,65,2,False,0.608,125.0,76.0
229,230,Mega Scizor,Bug,Steel,70,150,140,65,100,75,2,False,0.55,140.0,77.0
230,231,Shuckle,Bug,Rock,20,10,230,10,230,5,2,False,0.0,135.0,0.0
231,232,Heracross,Bug,Fighting,80,125,75,40,95,85,2,False,0.6911764705882353,136.0,94.0
232,233,Mega Heracross,Bug,Fighting,80,185,115,40,105,75,2,False,0.6230769230769231,130.0,81.0
233,234,Sneasel,Dark,Ice,55,95,55,35,75,115,2,False,0.9380530973451328,113.0,106.0
234,235,Teddiursa,Normal,,60,80,50,50,50,40,2,False,0.23853211009174313,109.0,26.0
235,236,Ursaring,Normal,,90,130,75,75,75,55,2,False,0.0,0.0,0.0
236,237,Slugma,Fire,,40,40,40,70,40,20,2,False,0.032520325203252036,123.0,4.0
237,238,Magcargo,Fire,Rock,50,50,120,80,80,30,2,False,0.07258064516129033,124.0,9.0
238,239,Swinub,Ice,Ground,50,50,40,30,30,50,2,False,0.2781954887218045,133.0,37.0
239,240,Piloswine,Ice,Ground,100,100,80,60,60,50,2,False,0.3050847457627119,118.0,36.0
240,241,Corsola,Water,Rock,55,55,85,65,85,35,2,False,0.2014388489208633,139.0,28.0
241,242,Remoraid,Water,,35,65,35,65,35,65,2,False,0.46621621621621623,148.0,69.0
242,243,Octillery,Water,,75,105,75,105,75,45,2,False,0.3274336283185841,113.0,37.0
243,244,Delibird,Ice,Flying,45,55,45,65,45,75,2,False,0.5692307692307692,130.0,74.0
244,245,Mantine,Water,Flying,65,40,70,80,140,70,2,False,0.5954198473282443,131.0,78.0
245,246,Skarmory,Steel,Flying,65,80,140,40,70,70,2,False,0.5223880597014925,134.0,70.0
246,247,Houndour,Dark,Fire,45,60,30,80,50,65,2,False,0.4603174603174603,126.0,58.0
247,248,Houndoom,Dark,Fire,75,90,50,110,80,95,2,False,0.7985611510791367,139.0,111.0
248,249,Mega Houndoom,Dark,Fire,75,90,90,140,90,115,2,False,0.9481481481481482,135.0,128.0
249,250,Kingdra,Water,Dragon,75,95,95,95,95,85,2,False,0.6470588235294118,136.0,88.0
250,251,Phanpy,Ground,,90,60,60,40,40,40,2,False,0.29545454545454547,132.0,39.0
251,252,Donphan,Ground,,90,120,120,60,60,50,2,False,0.35294117647058826,136.0,48.0
252,253,Porygon2,Normal,,85,80,90,105,95,60,2,False,0.49074074074074076,108.0,53.0
253,254,Stantler,Normal,,73,95,62,85,65,85,2,False,0.6666666666666666,135.0,90.0
254,255,Smeargle,Normal,,55,20,35,20,45,75,2,False,0.37681159420289856,138.0,52.0
255,256,Tyrogue,Fighting,,35,35,35,35,35,35,2,False,0.13385826771653545,127.0,17.0
256,257,Hitmontop,Fighting,,50,95,95,35,110,70,2,False,0.5179856115107914,139.0,72.0
257,258,Smoochum,Ice,Psychic,45,30,15,85,65,65,2,False,0.36220472440944884,127.0,46.0
258,259,Elekid,Electric,,45,63,37,65,55,95,2,False,0.8055555555555556,144.0,116.0
259,260,Magby,Fire,,45,75,37,70,55,83,2,False,0.6183206106870229,131.0,81.0
260,261,Miltank,Normal,,95,80,105,40,70,100,2,False,0.8046875,128.0,103.0
261,262,Blissey,Normal,,255,10,10,75,135,55,2,False,0.3125,128.0,40.0
262,263,Raikou,Electric,,90,85,75,115,100,115,2,True,0.9381443298969072,97.0,91.0
263,264,Entei,Fire,,115,115,85,90,75,100,2,True,0.8134328358208955,134.0,109.0
264,265,Suicune,Water,,100,75,115,90,115,85,2,True,0.6446280991735537,121.0,78.0
265,266,Larvitar,Rock,Ground,50,64,50,45,50,41,2,False,0.22727272727272727,110.0,25.0
266,267,Pupitar,Rock,Ground,70,84,70,65,70,51,2,False,0.2949640287769784,139.0,41.0
267,268,Tyranitar,Rock,Dark,100,134,110,95,100,61,2,False,0.4057971014492754,138.0,56.0
268,269,Mega Tyranitar,Rock,Dark,100,164,150,95,120,71,2,False,0.5645161290322581,124.0,70.0
269,270,Lugia,Psychic,Flying,106,90,130,90,154,110,2,True,0.8699186991869918,123.0,107.0
270,271,Ho-oh,Fire,Flying,106,130,90,110,154,90,2,True,0.719626168224299,107.0,77.0
271,272,Celebi,Psychic,Grass,100,100,100,100,100,100,2,False,0.8345864661654135,133.0,111.0
272,273,Treecko,Grass,,40,45,35,65,55,70,3,False,0.4482758620689655,116.0,52.0
273,274,Grovyle,Grass,,50,65,45,85,65,95,3,False,0.7238095238095238,105.0,76.0
274,275,Sceptile,Grass,,70,85,65,105,85,120,3,False,0.9262295081967213,122.0,113.0
275,276,Mega Sceptile,Grass,Dragon,70,110,75,145,85,145,3,False,0.9444444444444444,126.0,119.0
276,277,Torchic,Fire,,45,60,40,70,50,45,3,False,0.2846715328467153,137.0,39.0
277,278,Combusken,Fire,Fighting,60,85,60,85,60,55,3,False,0.3673469387755102,147.0,54.0
278,279,Blaziken,Fire,Fighting,80,120,70,110,70,80,3,False,0.6422764227642277,123.0,79.0
279,280,Mega Blaziken,Fire,Fighting,80,160,80,130,80,100,3,False,0.8455284552845529,123.0,104.0
280,281,Mudkip,Water,,50,70,50,50,50,40,3,False,0.16296296296296298,135.0,22.0
281,282,Marshtomp,Water,Ground,70,85,70,60,70,50,3,False,0.28378378378378377,148.0,42.0
282,283,Swampert,Water,Ground,100,110,90,85,90,60,3,False,0.47794117647058826,136.0,65.0
283,284,Mega Swampert,Water,Ground,100,150,110,95,110,70,3,False,0.5923076923076923,130.0,77.0
284,285,Poochyena,Dark,,35,55,35,30,30,35,3,False,0.23684210526315788,114.0,27.0
285,286,Mightyena,Dark,,70,90,70,60,60,70,3,False,0.6390977443609023,133.0,85.0
286,287,Zigzagoon,Normal,,38,30,41,30,41,60,3,False,0.2897196261682243,107.0,31.0
287,288,Linoone,Normal,,78,70,61,50,61,100,3,False,0.8145161290322581,124.0,101.0
288,289,Wurmple,Bug,,45,45,35,20,30,20,3,False,0.07246376811594203,138.0,10.0
289,290,Silcoon,Bug,,50,35,55,25,25,15,3,False,0.021739130434782608,138.0,3.0
290,291,Beautifly,Bug,Flying,60,70,50,100,50,65,3,False,0.5217391304347826,138.0,72.0
291,292,Cascoon,Bug,,50,35,55,25,25,15,3,False,0.05263157894736842,133.0,7.0
292,293,Dustox,Bug,Poison,60,50,70,50,90,65,3,False,0.39568345323741005,139.0,55.0
293,294,Lotad,Water,Grass,40,30,30,40,50,30,3,False,0.07936507936507936,126.0,10.0
294,295,Lombre,Water,Grass,60,50,50,60,70,50,3,False,0.28346456692913385,127.0,36.0
295,296,Ludicolo,Water,Grass,80,70,70,90,100,70,3,False,0.5609756097560976,123.0,69.0
296,297,Seedot,Grass,,40,40,50,30,30,30,3,False,0.0873015873015873,126.0,11.0
297,298,Nuzleaf,Grass,Dark,70,70,40,60,40,60,3,False,0.4247787610619469,113.0,48.0
298,299,Shiftry,Grass,Dark,90,100,60,90,60,80,3,False,0.6422764227642277,123.0,79.0
299,300,Taillow,Normal,Flying,40,55,30,30,30,85,3,False,0.688,125.0,86.0
300,301,Swellow,Normal,Flying,60,85,60,50,50,125,3,False,0.9090909090909091,121.0,110.0
301,302,Wingull,Water,Flying,40,30,30,55,30,85,3,False,0.4666666666666667,120.0,56.0
302,303,Pelipper,Water,Flying,60,50,100,85,70,65,3,False,0.47580645161290325,124.0,59.0
303,304,Ralts,Psychic,Fairy,28,25,25,45,35,40,3,False,0.16083916083916083,143.0,23.0
304,305,Kirlia,Psychic,Fairy,38,35,35,65,55,50,3,False,0.2647058823529412,136.0,36.0
305,306,Gardevoir,Psychic,Fairy,68,65,65,125,115,80,3,False,0.6461538461538462,130.0,84.0
306,307,Mega Gardevoir,Psychic,Fairy,68,85,65,165,135,100,3,False,0.8083333333333333,120.0,97.0
307,308,Surskit,Bug,Water,40,30,32,50,52,65,3,False,0.3671875,128.0,47.0
308,309,Masquerain,Bug,Flying,70,60,62,80,82,60,3,False,0.4375,144.0,63.0
309,310,Shroomish,Grass,,60,40,60,40,60,35,3,False,0.18055555555555555,144.0,26.0
310,311,Breloom,Grass,Fighting,60,130,80,60,60,70,3,False,0.5153846153846153,130.0,67.0
311,312,Slakoth,Normal,,60,60,60,35,35,30,3,False,0.11194029850746269,134.0,15.0
312,313,Vigoroth,Normal,,80,80,80,55,55,90,3,False,0.6417910447761194,134.0,86.0
313,314,Slaking,Normal,,150,160,100,95,65,100,3,False,0.8866666666666667,150.0,133.0
314,315,Nincada,Bug,Ground,31,45,90,30,30,40,3,False,0.21929824561403508,114.0,25.0
315,316,Ninjask,Bug,Flying,61,90,45,50,50,160,3,False,0.9230769230769231,117.0,108.0
316,317,Shedinja,Bug,Ghost,1,90,45,30,30,40,3,False,0.33064516129032256,124.0,41.0
317,318,Whismur,Normal,,64,51,23,51,23,28,3,False,0.11363636363636363,132.0,15.0
318,319,Loudred,Normal,,84,71,43,71,43,48,3,False,0.25874125874125875,143.0,37.0
319,320,Exploud,Normal,,104,91,63,91,73,68,3,False,0.5118110236220472,127.0,65.0
320,321,Makuhita,Fighting,,72,60,30,20,30,25,3,False,0.11570247933884298,121.0,14.0
321,322,Hariyama,Fighting,,144,120,60,40,60,50,3,False,0.0,0.0,0.0
322,323,Azurill,Normal,Fairy,50,20,40,20,40,20,3,False,0.0962962962962963,135.0,13.0
323,324,Nosepass,Rock,,30,45,135,45,90,30,3,False,0.09285714285714286,140.0,13.0
324,325,Skitty,Normal,,50,45,45,35,35,50,3,False,0.23529411764705882,136.0,32.0
325,326,Delcatty,Normal,,70,65,65,55,55,70,3,False,0.5,116.0,58.0
326,327,Sableye,Dark,Ghost,50,75,75,65,65,50,3,False,0.4049586776859504,121.0,49.0
327,328,Mega Sableye,Dark,Ghost,50,85,125,85,115,20,3,False,0.4306569343065693,137.0,59.0
328,329,Mawile,Steel,Fairy,50,85,85,55,55,50,3,False,0.3902439024390244,123.0,48.0
329,330,Mega Mawile,Steel,Fairy,50,105,125,55,95,50,3,False,0.375886524822695,141.0,53.0
330,331,Aron,Steel,Rock,50,70,100,40,40,30,3,False,0.2222222222222222,126.0,28.0
331,332,Lairon,Steel,Rock,60,90,140,50,50,40,3,False,0.2535211267605634,142.0,36.0
332,333,Aggron,Steel,Rock,70,110,180,60,60,50,3,False,0.4117647058823529,153.0,63.0
333,334,Mega Aggron,Steel,,70,140,230,60,80,50,3,False,0.32432432432432434,148.0,48.0
334,335,Meditite,Fighting,Psychic,30,40,55,40,55,60,3,False,0.3237410071942446,139.0,45.0
335,336,Medicham,Fighting,Psychic,60,60,75,60,75,80,3,False,0.7321428571428571,112.0,82.0
336,337,Mega Medicham,Fighting,Psychic,60,100,85,80,85,100,3,False,0.7007874015748031,127.0,89.0
337,338,Electrike,Electric,,40,45,40,65,40,65,3,False,0.5661764705882353,136.0,77.0
338,339,Manectric,Electric,,70,75,60,105,60,105,3,False,0.88,125.0,110.0
339,340,Mega Manectric,Electric,,70,75,80,135,80,135,3,False,0.917910447761194,134.0,123.0
340,341,Plusle,Electric,,60,50,40,85,75,95,3,False,0.7540983606557377,122.0,92.0
341,342,Minun,Electric,,60,40,50,75,85,95,3,False,0.6044776119402985,134.0,81.0
342,343,Volbeat,Bug,,65,73,55,47,75,85,3,False,0.6846846846846847,111.0,76.0
343,344,Illumise,Bug,,65,47,55,73,75,85,3,False,0.65,160.0,104.0
344,345,Roselia,Grass,Poison,50,60,45,100,80,65,3,False,0.45689655172413796,116.0,53.0
345,346,Gulpin,Poison,,70,43,53,43,53,40,3,False,0.19090909090909092,110.0,21.0
346,347,Swalot,Poison,,100,73,83,73,83,55,3,False,0.371900826446281,121.0,45.0
347,348,Carvanha,Water,Dark,45,90,20,65,20,65,3,False,0.5116279069767442,129.0,66.0
348,349,Sharpedo,Water,Dark,70,120,40,95,40,95,3,False,0.8106060606060606,132.0,107.0
349,350,Mega Sharpedo,Water,Dark,70,140,70,110,65,105,3,False,0.95,120.0,114.0
350,351,Wailmer,Water,,130,70,35,70,35,60,3,False,0.4017857142857143,112.0,45.0
351,352,Wailord,Water,,170,90,45,90,45,60,3,False,0.427536231884058,138.0,59.0
352,353,Numel,Fire,Ground,60,60,40,65,45,35,3,False,0.15833333333333333,120.0,19.0
353,354,Camerupt,Fire,Ground,70,100,70,105,75,40,3,False,0.23214285714285715,112.0,26.0
354,355,Mega Camerupt,Fire,Ground,70,120,100,145,105,20,3,False,0.2824427480916031,131.0,37.0
355,356,Torkoal,Fire,,70,85,140,85,70,20,3,False,0.272,125.0,34.0
356,357,Spoink,Psychic,,60,25,35,70,80,60,3,False,0.3076923076923077,117.0,36.0
357,358,Grumpig,Psychic,,80,45,65,90,110,80,3,False,0.5462962962962963,108.0,59.0
358,359,Spinda,Normal,,60,60,60,60,60,60,3,False,0.38095238095238093,126.0,48.0
359,360,Trapinch,Ground,,45,100,45,45,45,10,3,False,0.2949640287769784,139.0,41.0
360,361,Vibrava,Ground,Dragon,50,70,50,50,50,70,3,False,0.5645161290322581,124.0,70.0
361,362,Flygon,Ground,Dragon,80,100,80,80,80,100,3,False,0.9051724137931034,116.0,105.0
362,363,Cacnea,Grass,,50,85,40,85,40,35,3,False,0.1746031746031746,126.0,22.0
363,364,Cacturne,Grass,Dark,70,115,60,115,60,55,3,False,0.4647887323943662,142.0,66.0
364,365,Swablu,Normal,Flying,45,40,60,40,75,50,3,False,0.2926829268292683,123.0,36.0
365,366,Altaria,Dragon,Flying,75,70,90,70,105,80,3,False,0.656,125.0,82.0
366,367,Mega Altaria,Dragon,Fairy,75,110,110,110,105,80,3,False,0.656934306569343,137.0,90.0
367,368,Zangoose,Normal,,73,115,60,60,60,90,3,False,0.6694915254237288,118.0,79.0
368,369,Seviper,Poison,,73,100,60,100,60,65,3,False,0.42657342657342656,143.0,61.0
369,370,Lunatone,Rock,Psychic,70,55,65,95,85,70,3,False,0.5307692307692308,130.0,69.0
370,371,Solrock,Rock,Psychic,70,95,85,55,65,70,3,False,0.5,108.0,54.0
371,372,Barboach,Water,Ground,50,48,43,46,41,60,3,False,0.47297297297297297,148.0,70.0
372,373,Whiscash,Water,Ground,110,78,73,76,71,60,3,False,0.3333333333333333,123.0,41.0
373,374,Corphish,Water,,43,80,65,50,35,35,3,False,0.14193548387096774,155.0,22.0
374,375,Crawdaunt,Water,Dark,63,120,85,90,55,55,3,False,0.2809917355371901,121.0,34.0
375,376,Baltoy,Ground,Psychic,40,40,55,40,70,55,3,False,0.40939597315436244,149.0,61.0
376,377,Claydol,Ground,Psychic,60,70,105,70,120,75,3,False,0.5983606557377049,122.0,73.0
377,378,Lileep,Rock,Grass,66,41,77,61,87,23,3,False,0.12096774193548387,124.0,15.0
378,379,Cradily,Rock,Grass,86,81,97,81,107,43,3,False,0.203125,128.0,26.0
379,380,Anorith,Rock,Bug,45,95,50,40,50,75,3,False,0.54,150.0,81.0
380,381,Armaldo,Rock,Bug,75,125,100,70,80,45,3,False,0.33035714285714285,112.0,37.0
381,382,Feebas,Water,,20,15,20,10,55,80,3,False,0.2682926829268293,123.0,33.0
382,383,Milotic,Water,,95,60,79,100,125,81,3,False,0.6201550387596899,129.0,80.0
383,384,Castform,Normal,,70,70,70,70,70,70,3,False,0.5289256198347108,121.0,64.0
384,385,Kecleon,Normal,,60,90,70,60,120,40,3,False,0.27419354838709675,124.0,34.0
385,386,Shuppet,Ghost,,44,75,35,63,33,45,3,False,0.2647058823529412,136.0,36.0
386,387,Banette,Ghost,,64,115,65,83,63,65,3,False,0.5323741007194245,139.0,74.0
387,388,Mega Banette,Ghost,,64,165,75,93,83,75,3,False,0.6587301587301587,126.0,83.0
388,389,Duskull,Ghost,,20,40,90,30,90,25,3,False,0.11363636363636363,132.0,15.0
389,390,Dusclops,Ghost,,40,70,130,60,130,25,3,False,0.17355371900826447,121.0,21.0
390,391,Tropius,Grass,Flying,99,68,83,72,87,51,3,False,0.417910447761194,134.0,56.0
391,392,Chimecho,Psychic,,65,50,70,95,80,65,3,False,0.4262295081967213,122.0,52.0
392,393,Absol,Dark,,65,130,60,75,60,75,3,False,0.689922480620155,129.0,89.0
393,394,Mega Absol,Dark,,65,150,60,115,60,115,3,False,0.935251798561151,139.0,130.0
394,395,Wynaut,Psychic,,95,23,48,23,48,23,3,False,0.046153846153846156,130.0,6.0
395,396,Snorunt,Ice,,50,50,50,50,50,50,3,False,0.30708661417322836,127.0,39.0
396,397,Glalie,Ice,,80,80,80,80,80,80,3,False,0.6015037593984962,133.0,80.0
397,398,Mega Glalie,Ice,,80,120,80,120,80,100,3,False,0.8478260869565217,92.0,78.0
398,399,Spheal,Ice,Water,70,40,50,55,50,25,3,False,0.061068702290076333,131.0,8.0
399,400,Sealeo,Ice,Water,90,60,70,75,70,45,3,False,0.23880597014925373,134.0,32.0
400,401,Walrein,Ice,Water,110,80,90,95,90,65,3,False,0.5033557046979866,149.0,75.0
401,402,Clamperl,Water,,35,64,85,74,55,32,3,False,0.19827586206896552,116.0,23.0
402,403,Huntail,Water,,55,104,105,94,75,52,3,False,0.36363636363636365,132.0,48.0
403,404,Gorebyss,Water,,55,84,105,114,75,52,3,False,0.2890625,128.0,37.0
404,405,Relicanth,Water,Rock,100,90,130,45,65,55,3,False,0.4253731343283582,134.0,57.0
405,406,Luvdisc,Water,,43,30,55,40,65,97,3,False,0.6030534351145038,131.0,79.0
406,407,Bagon,Dragon,,45,75,60,40,30,50,3,False,0.304,125.0,38.0
407,408,Shelgon,Dragon,,65,95,100,60,50,50,3,False,0.34959349593495936,123.0,43.0
408,409,Salamence,Dragon,Flying,95,135,80,110,80,100,3,False,0.8248175182481752,137.0,113.0
409,410,Mega Salamence,Dragon,Flying,95,145,130,120,90,120,3,False,0.9398496240601504,133.0,125.0
410,411,Beldum,Steel,Psychic,40,55,80,35,60,30,3,False,0.15037593984962405,133.0,20.0
411,412,Metang,Steel,Psychic,60,75,100,55,80,50,3,False,0.3088235294117647,136.0,42.0
412,413,Metagross,Steel,Psychic,80,135,130,95,90,70,3,False,0.5181818181818182,110.0,57.0
413,414,Mega Metagross,Steel,Psychic,80,145,150,105,110,110,3,False,0.8692307692307693,130.0,113.0
414,415,Regirock,Rock,,80,100,200,50,100,50,3,True,0.3472222222222222,144.0,50.0
415,416,Regice,Ice,,80,50,100,100,200,50,3,True,0.2357142857142857,140.0,33.0
416,417,Registeel,Steel,,80,75,150,75,150,50,3,True,0.30973451327433627,113.0,35.0
417,418,Latias,Dragon,Psychic,80,80,90,110,130,110,3,True,0.8721804511278195,133.0,116.0
418,419,Mega Latias,Dragon,Psychic,80,100,120,140,150,110,3,True,0.0,0.0,0.0
419,420,Latios,Dragon,Psychic,80,90,80,130,110,110,3,True,0.856,125.0,107.0
420,421,Mega Latios,Dragon,Psychic,80,130,100,160,120,110,3,True,0.8981481481481481,108.0,97.0
421,422,Kyogre,Water,,100,100,90,150,140,90,3,True,0.71875,128.0,92.0
422,423,Primal Kyogre,Water,,100,150,90,180,160,90,3,True,0.7348484848484849,132.0,97.0
423,424,Groudon,Ground,,100,150,140,100,90,90,3,True,0.7969924812030075,133.0,106.0
424,425,Primal Groudon,Ground,Fire,100,180,160,150,90,90,3,True,0.7520661157024794,121.0,91.0
425,426,Rayquaza,Dragon,Flying,105,150,90,150,90,95,3,True,0.8285714285714286,140.0,116.0
426,427,Mega Rayquaza,Dragon,Flying,105,180,100,180,100,115,3,True,0.9477611940298507,134.0,127.0
427,428,Jirachi,Steel,Psychic,100,100,100,100,100,100,3,True,0.8758169934640523,153.0,134.0
428,429,Deoxys Normal Forme,Psychic,,50,150,50,150,50,150,3,True,0.9339622641509434,106.0,99.0
429,430,DeoxysAttack Forme,Psychic,,50,180,20,180,20,150,3,True,0.9029850746268657,134.0,121.0
430,431,Deoxys Defense Forme,Psychic,,50,70,160,70,160,90,3,True,0.7417218543046358,151.0,112.0
431,432,Deoxys Speed Forme,Psychic,,50,95,90,95,90,180,3,True,0.9172413793103448,145.0,133.0
432,433,Turtwig,Grass,,55,68,64,45,55,31,4,False,0.11666666666666667,120.0,14.0
433,434,Grotle,Grass,,75,89,85,55,65,36,4,False,0.29545454545454547,132.0,39.0
434,435,Torterra,Grass,Ground,95,109,105,75,85,56,4,False,0.34513274336283184,113.0,39.0
435,436,Chimchar,Fire,,44,58,44,58,44,61,4,False,0.41964285714285715,112.0,47.0
436,437,Monferno,Fire,Fighting,64,78,52,78,52,81,4,False,0.6422764227642277,123.0,79.0
437,438,Infernape,Fire,Fighting,76,104,71,104,71,108,4,False,0.912751677852349,149.0,136.0
438,439,Piplup,Water,,53,51,53,61,56,40,4,False,0.14285714285714285,140.0,20.0
439,440,Prinplup,Water,,64,66,68,81,76,50,4,False,0.25190839694656486,131.0,33.0
440,441,Empoleon,Water,Steel,84,86,88,111,101,60,4,False,0.4634146341463415,123.0,57.0
441,442,Starly,Normal,Flying,40,55,30,30,30,60,4,False,0.43548387096774194,124.0,54.0
442,443,Staravia,Normal,Flying,55,75,50,40,40,80,4,False,0.6302521008403361,119.0,75.0
443,444,Staraptor,Normal,Flying,85,120,70,50,60,100,4,False,0.8308823529411765,136.0,113.0
444,445,Bidoof,Normal,,59,45,40,35,40,31,4,False,0.14285714285714285,133.0,19.0
445,446,Bibarel,Normal,Water,79,85,60,55,60,71,4,False,0.60431654676259,139.0,84.0
446,447,Kricketot,Bug,,37,25,41,25,41,25,4,False,0.08870967741935484,124.0,11.0
447,448,Kricketune,Bug,,77,85,51,55,51,65,4,False,0.5163934426229508,122.0,63.0
448,449,Shinx,Electric,,45,65,34,40,34,45,4,False,0.2589928057553957,139.0,36.0
449,450,Luxio,Electric,,60,85,49,60,49,60,4,False,0.4444444444444444,126.0,56.0
450,451,Luxray,Electric,,80,120,79,95,79,70,4,False,0.5833333333333334,132.0,77.0
451,452,Budew,Grass,Poison,40,30,35,50,70,55,4,False,0.28205128205128205,117.0,33.0
452,453,Roserade,Grass,Poison,60,70,65,125,105,90,4,False,0.6911764705882353,136.0,94.0
453,454,Cranidos,Rock,,67,125,40,30,30,58,4,False,0.3431372549019608,102.0,35.0
454,455,Rampardos,Rock,,97,165,60,65,50,58,4,False,0.3902439024390244,123.0,48.0
455,456,Shieldon,Rock,Steel,30,42,118,42,88,30,4,False,0.112,125.0,14.0
456,457,Bastiodon,Rock,Steel,60,52,168,47,138,30,4,False,0.19834710743801653,121.0,24.0
457,458,Burmy,Bug,,40,29,45,29,45,36,4,False,0.14634146341463414,123.0,18.0
458,459,Wormadam Plant Cloak,Bug,Grass,60,59,85,79,105,36,4,False,0.16666666666666666,126.0,21.0
459,460,Wormadam Sandy Cloak,Bug,Ground,60,79,105,59,85,36,4,False,0.17054263565891473,129.0,22.0
460,461,Wormadam Trash Cloak,Bug,Steel,60,69,95,69,95,36,4,False,0.2608695652173913,138.0,36.0
461,462,Mothim,Bug,Flying,70,94,50,94,50,66,4,False,0.48148148148148145,135.0,65.0
462,463,Combee,Bug,Flying,30,30,42,30,42,70,4,False,0.4230769230769231,130.0,55.0
463,464,Vespiquen,Bug,Flying,70,80,102,80,102,40,4,False,0.2677165354330709,127.0,34.0
464,465,Pachirisu,Electric,,60,45,70,45,90,95,4,False,0.7304964539007093,141.0,103.0
465,466,Buizel,Water,,55,65,35,60,30,85,4,False,0.6126126126126126,111.0,68.0
466,467,Floatzel,Water,,85,105,55,85,50,115,4,False,0.9032258064516129,124.0,112.0
467,468,Cherubi,Grass,,45,35,45,62,53,35,4,False,0.11851851851851852,135.0,16.0
468,469,Cherrim,Grass,,70,60,70,87,78,85,4,False,0.6228070175438597,114.0,71.0
469,470,Shellos,Water,,76,48,48,57,62,34,4,False,0.11688311688311688,154.0,18.0
470,471,Gastrodon,Water,Ground,111,83,68,92,82,39,4,False,0.1774193548387097,124.0,22.0
471,472,Ambipom,Normal,,75,100,66,60,66,115,4,False,0.918918918918919,111.0,102.0
472,473,Drifloon,Ghost,Flying,90,50,34,60,44,70,4,False,0.6283185840707964,113.0,71.0
473,474,Drifblim,Ghost,Flying,150,80,44,90,54,80,4,False,0.625,128.0,80.0
474,475,Buneary,Normal,,55,66,44,44,56,85,4,False,0.6888888888888889,135.0,93.0
475,476,Lopunny,Normal,,65,76,84,54,96,105,4,False,0.9008264462809917,121.0,109.0
476,477,Mega Lopunny,Normal,Fighting,65,136,94,54,96,135,4,False,0.9612403100775194,129.0,124.0
477,478,Mismagius,Ghost,,60,60,60,105,105,105,4,False,0.848,125.0,106.0
478,479,Honchkrow,Dark,Flying,100,125,52,105,52,71,4,False,0.0,0.0,0.0
479,480,Glameow,Normal,,49,55,42,42,37,85,4,False,0.6068376068376068,117.0,71.0
480,481,Purugly,Normal,,71,82,64,64,59,112,4,False,0.9327731092436975,119.0,111.0
481,482,Chingling,Psychic,,45,30,50,65,50,45,4,False,0.13821138211382114,123.0,17.0
482,483,Stunky,Poison,Dark,63,63,47,41,41,74,4,False,0.56,125.0,70.0
483,484,Skuntank,Poison,Dark,103,93,67,71,61,84,4,False,0.7142857142857143,119.0,85.0
484,485,Bronzor,Steel,Psychic,57,24,86,24,86,23,4,False,0.12727272727272726,110.0,14.0
485,486,Bronzong,Steel,Psychic,67,89,116,79,116,33,4,False,0.2624113475177305,141.0,37.0
486,487,Bonsly,Rock,,50,80,95,10,45,10,4,False,0.232,125.0,29.0
487,488,Mime Jr.,Psychic,Fairy,20,25,45,70,90,60,4,False,0.30833333333333335,120.0,37.0
488,489,Happiny,Normal,,100,5,5,15,65,30,4,False,0.07692307692307693,104.0,8.0
489,490,Chatot,Normal,Flying,76,65,45,92,42,91,4,False,0.7449664429530202,149.0,111.0
490,491,Spiritomb,Ghost,Dark,50,92,108,92,108,35,4,False,0.2457627118644068,118.0,29.0
491,492,Gible,Dragon,Ground,58,70,45,40,45,42,4,False,0.25925925925925924,135.0,35.0
492,493,Gabite,Dragon,Ground,68,90,65,50,55,82,4,False,0.6165413533834586,133.0,82.0
493,494,Garchomp,Dragon,Ground,108,130,95,80,85,102,4,False,0.7637795275590551,127.0,97.0
494,495,Mega Garchomp,Dragon,Ground,108,170,115,120,95,92,4,False,0.7083333333333334,120.0,85.0
495,496,Munchlax,Normal,,135,85,40,40,85,5,4,False,0.6864406779661016,118.0,81.0
496,497,Riolu,Fighting,,40,70,40,35,40,60,4,False,0.392,125.0,49.0
497,498,Lucario,Fighting,Steel,70,110,70,115,70,90,4,False,0.75,120.0,90.0
498,499,Mega Lucario,Fighting,Steel,70,145,88,140,70,112,4,False,0.8888888888888888,108.0,96.0
499,500,Hippopotas,Ground,,68,72,78,38,42,32,4,False,0.23809523809523808,126.0,30.0
500,501,Hippowdon,Ground,,108,112,118,68,72,47,4,False,0.2916666666666667,120.0,35.0
501,502,Skorupi,Poison,Bug,40,50,90,30,55,65,4,False,0.44680851063829785,141.0,63.0
502,503,Drapion,Poison,Dark,70,90,110,60,75,95,4,False,0.7333333333333333,120.0,88.0
503,504,Croagunk,Poison,Fighting,48,61,40,61,40,50,4,False,0.2543859649122807,114.0,29.0
504,505,Toxicroak,Poison,Fighting,83,106,65,86,65,85,4,False,0.6640625,128.0,85.0
505,506,Carnivine,Grass,,74,100,72,90,72,46,4,False,0.24561403508771928,114.0,28.0
506,507,Finneon,Water,,49,49,56,49,61,66,4,False,0.5190839694656488,131.0,68.0
507,508,Lumineon,Water,,69,69,76,69,86,91,4,False,0.6554621848739496,119.0,78.0
508,509,Mantyke,Water,Flying,45,20,50,60,120,50,4,False,0.24074074074074073,108.0,26.0
509,510,Snover,Grass,Ice,60,62,50,62,60,40,4,False,0.18181818181818182,121.0,22.0
510,511,Abomasnow,Grass,Ice,90,92,75,92,85,60,4,False,0.49586776859504134,121.0,60.0
511,512,Mega Abomasnow,Grass,Ice,90,132,105,132,105,30,4,False,0.4246575342465753,146.0,62.0
512,513,Weavile,Dark,Ice,70,120,65,45,85,125,4,False,0.9747899159663865,119.0,116.0
513,514,Magnezone,Electric,Steel,70,70,115,130,90,60,4,False,0.5338983050847458,118.0,63.0
514,515,Lickilicky,Normal,,110,85,95,80,95,50,4,False,0.2713178294573643,129.0,35.0
515,516,Rhyperior,Ground,Rock,115,140,130,55,55,40,4,False,0.4519230769230769,104.0,47.0
516,517,Tangrowth,Grass,,100,100,125,110,50,50,4,False,0.384,125.0,48.0
517,518,Electivire,Electric,,75,123,67,95,85,95,4,False,0.7642276422764228,123.0,94.0
518,519,Magmortar,Fire,,75,95,67,125,95,83,4,False,0.7117117117117117,111.0,79.0
519,520,Togekiss,Fairy,Flying,85,50,95,120,115,80,4,False,0.5793650793650794,126.0,73.0
520,521,Yanmega,Bug,Flying,86,76,86,116,56,95,4,False,0.7982456140350878,114.0,91.0
521,522,Leafeon,Grass,,65,110,130,60,65,95,4,False,0.8278145695364238,151.0,125.0
522,523,Glaceon,Ice,,65,60,110,130,95,65,4,False,0.47761194029850745,134.0,64.0
523,524,Gliscor,Ground,Flying,75,95,125,45,75,95,4,False,0.8257575757575758,132.0,109.0
524,525,Mamoswine,Ice,Ground,110,130,80,70,60,80,4,False,0.5862068965517241,116.0,68.0
525,526,Porygon-Z,Normal,,85,80,70,135,75,90,4,False,0.7006802721088435,147.0,103.0
526,527,Gallade,Psychic,Fighting,68,125,65,65,115,80,4,False,0.6277372262773723,137.0,86.0
527,528,Mega Gallade,Psychic,Fighting,68,165,95,65,115,110,4,False,0.8615384615384616,130.0,112.0
528,529,Probopass,Rock,Steel,60,55,145,75,150,40,4,False,0.2,130.0,26.0
529,530,Dusknoir,Ghost,,45,100,135,65,135,45,4,False,0.29411764705882354,136.0,40.0
530,531,Froslass,Ice,Ghost,70,80,70,80,70,110,4,False,0.6594202898550725,138.0,91.0
531,532,Rotom,Electric,Ghost,50,50,77,95,77,91,4,False,0.5916666666666667,120.0,71.0
532,533,Heat Rotom,Electric,Fire,50,65,107,105,107,86,4,False,0.6991150442477876,113.0,79.0
533,534,Wash Rotom,Electric,Water,50,65,107,105,107,86,4,False,0.7758620689655172,116.0,90.0
534,535,Frost Rotom,Electric,Ice,50,65,107,105,107,86,4,False,0.703125,128.0,90.0
535,536,Fan Rotom,Electric,Flying,50,65,107,105,107,86,4,False,0.7272727272727273,121.0,88.0
536,537,Mow Rotom,Electric,Grass,50,65,107,105,107,86,4,False,0.7313432835820896,134.0,98.0
537,538,Uxie,Psychic,,75,75,130,75,130,95,4,True,0.7479674796747967,123.0,92.0
538,539,Mesprit,Psychic,,80,105,105,105,105,80,4,True,0.5939849624060151,133.0,79.0
539,540,Azelf,Psychic,,75,125,70,125,70,115,4,True,0.9037037037037037,135.0,122.0
540,541,Dialga,Steel,Dragon,100,120,120,150,100,90,4,True,0.7880794701986755,151.0,119.0
541,542,Palkia,Water,Dragon,90,120,100,150,120,100,4,True,0.7718120805369127,149.0,115.0
542,543,Heatran,Fire,Steel,91,90,106,130,106,77,4,True,0.648854961832061,131.0,85.0
543,544,Regigigas,Normal,,110,160,110,80,110,100,4,True,0.8591549295774648,142.0,122.0
544,545,Giratina Altered Forme,Ghost,Dragon,150,100,120,100,120,90,4,True,0.6666666666666666,111.0,74.0
545,546,Giratina Origin Forme,Ghost,Dragon,150,120,100,120,100,90,4,True,0.664179104477612,134.0,89.0
546,547,Cresselia,Psychic,,120,70,120,75,130,85,4,False,0.6694915254237288,118.0,79.0
547,548,Phione,Water,,80,80,80,80,80,80,4,False,0.5606060606060606,132.0,74.0
548,549,Manaphy,Water,,100,100,100,100,100,100,4,False,0.8805970149253731,134.0,118.0
549,550,Darkrai,Dark,,70,90,90,135,90,125,4,True,0.9401709401709402,117.0,110.0
550,551,Shaymin Land Forme,Grass,,100,100,100,100,100,100,4,True,0.8602941176470589,136.0,117.0
551,552,Shaymin Sky Forme,Grass,Flying,100,103,75,120,75,127,4,True,0.940677966101695,118.0,111.0
552,553,Arceus,Normal,,120,120,120,120,120,120,4,True,0.9344262295081968,122.0,114.0
553,554,Victini,Psychic,Fire,100,100,100,100,100,100,5,True,0.8778625954198473,131.0,115.0
554,555,Snivy,Grass,,45,45,55,45,55,63,5,False,0.4594594594594595,111.0,51.0
555,556,Servine,Grass,,60,60,75,60,75,83,5,False,0.0,0.0,0.0
556,557,Serperior,Grass,,75,75,95,75,95,113,5,False,0.9015151515151515,132.0,119.0
557,558,Tepig,Fire,,65,63,45,45,45,45,5,False,0.2595419847328244,131.0,34.0
558,559,Pignite,Fire,Fighting,90,93,55,70,55,55,5,False,0.3819444444444444,144.0,55.0
559,560,Emboar,Fire,Fighting,110,123,65,100,65,65,5,False,0.5217391304347826,138.0,72.0
560,561,Oshawott,Water,,55,55,45,63,45,45,5,False,0.25,124.0,31.0
561,562,Dewott,Water,,75,75,60,83,60,60,5,False,0.39344262295081966,122.0,48.0
562,563,Samurott,Water,,95,100,85,108,70,70,5,False,0.5652173913043478,115.0,65.0
563,564,Patrat,Normal,,45,55,39,35,39,42,5,False,0.18518518518518517,135.0,25.0
564,565,Watchog,Normal,,60,85,69,60,69,77,5,False,0.518796992481203,133.0,69.0
565,566,Lillipup,Normal,,45,60,45,25,45,55,5,False,0.29,100.0,29.0
566,567,Herdier,Normal,,65,80,65,35,65,60,5,False,0.38405797101449274,138.0,53.0
567,568,Stoutland,Normal,,85,110,90,45,90,80,5,False,0.6206896551724138,116.0,72.0
568,569,Purrloin,Dark,,41,50,37,50,37,66,5,False,0.5175438596491229,114.0,59.0
569,570,Liepard,Dark,,64,88,50,88,50,106,5,False,0.9111111111111111,135.0,123.0
570,571,Pansage,Grass,,50,53,48,53,48,64,5,False,0.4076923076923077,130.0,53.0
571,572,Simisage,Grass,,75,98,63,98,63,101,5,False,0.8091603053435115,131.0,106.0
572,573,Pansear,Fire,,50,53,48,53,48,64,5,False,0.46153846153846156,130.0,60.0
573,574,Simisear,Fire,,75,98,63,98,63,101,5,False,0.889763779527559,127.0,113.0
574,575,Panpour,Water,,50,53,48,53,48,64,5,False,0.358974358974359,117.0,42.0
575,576,Simipour,Water,,75,98,63,98,63,101,5,False,0.849624060150376,133.0,113.0
576,577,Munna,Psychic,,76,25,45,67,55,24,5,False,0.0390625,128.0,5.0
577,578,Musharna,Psychic,,116,55,85,107,95,29,5,False,0.06818181818181818,132.0,9.0
578,579,Pidove,Normal,Flying,50,55,50,36,30,43,5,False,0.2922077922077922,154.0,45.0
579,580,Tranquill,Normal,Flying,62,77,62,50,42,65,5,False,0.4838709677419355,124.0,60.0
580,581,Unfezant,Normal,Flying,80,115,80,65,55,93,5,False,0.7846153846153846,130.0,102.0
581,582,Blitzle,Electric,,45,60,32,50,32,76,5,False,0.5925925925925926,135.0,80.0
582,583,Zebstrika,Electric,,75,100,63,80,63,116,5,False,0.9345794392523364,107.0,100.0
583,584,Roggenrola,Rock,,55,75,85,25,25,15,5,False,0.1875,144.0,27.0
584,585,Boldore,Rock,,70,105,105,50,40,20,5,False,0.33587786259541985,131.0,44.0
585,586,Gigalith,Rock,,85,135,130,60,80,25,5,False,0.40540540540540543,148.0,60.0
586,587,Woobat,Psychic,Flying,55,45,43,55,43,72,5,False,0.5853658536585366,123.0,72.0
587,588,Swoobat,Psychic,Flying,67,57,55,77,55,114,5,False,0.8879310344827587,116.0,103.0
588,589,Drilbur,Ground,,60,85,40,30,45,68,5,False,0.6422018348623854,109.0,70.0
589,590,Excadrill,Ground,Steel,110,135,60,50,65,88,5,False,0.7744360902255639,133.0,103.0
590,591,Audino,Normal,,103,60,86,60,86,50,5,False,0.3458646616541353,133.0,46.0
591,592,Mega Audino,Normal,Fairy,103,60,126,80,126,50,5,False,0.36363636363636365,132.0,48.0
592,593,Timburr,Fighting,,75,80,55,25,35,35,5,False,0.18666666666666668,150.0,28.0
593,594,Gurdurr,Fighting,,85,105,85,40,50,40,5,False,0.211864406779661,118.0,25.0
594,595,Conkeldurr,Fighting,,105,140,95,55,65,45,5,False,0.3,130.0,39.0
595,596,Tympole,Water,,50,50,40,50,40,64,5,False,0.45588235294117646,136.0,62.0
596,597,Palpitoad,Water,Ground,75,65,55,65,55,69,5,False,0.43548387096774194,124.0,54.0
597,598,Seismitoad,Water,Ground,105,95,75,85,75,74,5,False,0.5714285714285714,119.0,68.0
598,599,Throh,Fighting,,120,100,85,30,85,45,5,False,0.22448979591836735,147.0,33.0
599,600,Sawk,Fighting,,75,125,75,30,75,85,5,False,0.625,136.0,85.0
600,601,Sewaddle,Bug,Grass,45,53,70,40,60,42,5,False,0.25735294117647056,136.0,35.0
601,602,Swadloon,Bug,Grass,55,63,90,50,80,42,5,False,0.21138211382113822,123.0,26.0
602,603,Leavanny,Bug,Grass,75,103,80,70,80,92,5,False,0.7933884297520661,121.0,96.0
603,604,Venipede,Bug,Poison,30,45,59,30,39,57,5,False,0.2803030303030303,132.0,37.0
604,605,Whirlipede,Bug,Poison,40,55,99,40,79,47,5,False,0.26262626262626265,99.0,26.0
605,606,Scolipede,Bug,Poison,60,100,89,55,69,112,5,False,0.9298245614035088,114.0,106.0
606,607,Cottonee,Grass,Fairy,40,27,60,37,50,66,5,False,0.36220472440944884,127.0,46.0
607,608,Whimsicott,Grass,Fairy,60,67,85,77,75,116,5,False,0.8888888888888888,117.0,104.0
608,609,Petilil,Grass,,45,35,50,70,50,30,5,False,0.15753424657534246,146.0,23.0
609,610,Lilligant,Grass,,70,60,75,110,75,90,5,False,0.7165354330708661,127.0,91.0
610,611,Basculin,Water,,70,92,65,80,55,98,5,False,0.8090909090909091,110.0,89.0
611,612,Sandile,Ground,Dark,50,72,35,35,35,65,5,False,0.5373134328358209,134.0,72.0
612,613,Krokorok,Ground,Dark,60,82,45,45,45,74,5,False,0.5752212389380531,113.0,65.0
613,614,Krookodile,Ground,Dark,95,117,80,65,70,92,5,False,0.8409090909090909,132.0,111.0
614,615,Darumaka,Fire,,70,90,45,15,45,50,5,False,0.3629032258064516,124.0,45.0
615,616,Darmanitan Standard Mode,Fire,,105,140,55,30,55,95,5,False,0.8195488721804511,133.0,109.0
616,617,Darmanitan Zen Mode,Fire,Psychic,105,30,105,140,105,55,5,False,0.3524590163934426,122.0,43.0
617,618,Maractus,Grass,,75,86,67,106,67,60,5,False,0.0,0.0,0.0
618,619,Dwebble,Bug,Rock,50,65,85,35,35,55,5,False,0.32575757575757575,132.0,43.0
619,620,Crustle,Bug,Rock,70,95,125,65,75,45,5,False,0.33613445378151263,119.0,40.0
620,621,Scraggy,Dark,Fighting,50,75,70,35,70,48,5,False,0.29357798165137616,109.0,32.0
621,622,Scrafty,Dark,Fighting,65,90,115,45,115,58,5,False,0.5041322314049587,121.0,61.0
622,623,Sigilyph,Psychic,Flying,72,58,80,103,80,97,5,False,0.7171052631578947,152.0,109.0
623,624,Yamask,Ghost,,38,30,85,55,65,30,5,False,0.21428571428571427,126.0,27.0
624,625,Cofagrigus,Ghost,,58,50,145,95,105,30,5,False,0.2459016393442623,122.0,30.0
625,626,Tirtouga,Water,Rock,54,78,103,53,45,22,5,False,0.23255813953488372,129.0,30.0
626,627,Carracosta,Water,Rock,74,108,133,83,65,32,5,False,0.32142857142857145,140.0,45.0
627,628,Archen,Rock,Flying,55,112,45,74,45,70,5,False,0.559322033898305,118.0,66.0
628,629,Archeops,Rock,Flying,75,140,65,112,65,110,5,False,0.9140625,128.0,117.0
629,630,Trubbish,Poison,,50,50,62,40,62,65,5,False,0.4188034188034188,117.0,49.0
630,631,Garbodor,Poison,,80,95,82,60,82,75,5,False,0.6,145.0,87.0
631,632,Zorua,Dark,,40,65,40,80,40,65,5,False,0.5038167938931297,131.0,66.0
632,633,Zoroark,Dark,,60,105,60,120,60,105,5,False,0.8849557522123894,113.0,100.0
633,634,Minccino,Normal,,55,50,40,40,40,75,5,False,0.5945945945945946,148.0,88.0
634,635,Cinccino,Normal,,75,95,60,65,60,115,5,False,0.8778625954198473,131.0,115.0
635,636,Gothita,Psychic,,45,30,50,55,65,45,5,False,0.208,125.0,26.0
636,637,Gothorita,Psychic,,60,45,70,75,85,55,5,False,0.3008130081300813,123.0,37.0
637,638,Gothitelle,Psychic,,70,55,95,95,110,65,5,False,0.48872180451127817,133.0,65.0
638,639,Solosis,Psychic,,45,30,40,105,50,20,5,False,0.031007751937984496,129.0,4.0
639,640,Duosion,Psychic,,65,40,50,125,60,30,5,False,0.07258064516129033,124.0,9.0
640,641,Reuniclus,Psychic,,110,65,75,125,85,30,5,False,0.15,120.0,18.0
641,642,Ducklett,Water,Flying,62,44,50,44,50,55,5,False,0.3629032258064516,124.0,45.0
642,643,Swanna,Water,Flying,75,87,63,87,63,98,5,False,0.865546218487395,119.0,103.0
643,644,Vanillite,Ice,,36,50,50,65,60,44,5,False,0.16363636363636364,110.0,18.0
644,645,Vanillish,Ice,,51,65,65,80,75,59,5,False,0.4365079365079365,126.0,55.0
645,646,Vanilluxe,Ice,,71,95,85,110,95,79,5,False,0.664,125.0,83.0
646,647,Deerling,Normal,Grass,60,60,50,40,50,75,5,False,0.5882352941176471,119.0,70.0
647,648,Sawsbuck,Normal,Grass,80,100,70,60,70,95,5,False,0.7416666666666667,120.0,89.0
648,649,Emolga,Electric,Flying,55,75,60,75,60,103,5,False,0.7982456140350878,114.0,91.0
649,650,Karrablast,Bug,,50,75,45,40,45,60,5,False,0.4380165289256198,121.0,53.0
650,651,Escavalier,Bug,Steel,70,135,105,60,105,20,5,False,0.5806451612903226,124.0,72.0
651,652,Foongus,Grass,Poison,69,55,45,55,55,15,5,False,0.11666666666666667,120.0,14.0
652,653,Amoonguss,Grass,Poison,114,85,70,85,80,30,5,False,0.2066115702479339,121.0,25.0
653,654,Frillish,Water,Ghost,55,40,50,65,85,40,5,False,0.3181818181818182,132.0,42.0
654,655,Jellicent,Water,Ghost,100,60,70,85,105,60,5,False,0.0,0.0,0.0
655,656,Alomomola,Water,,165,75,80,40,45,65,5,False,0.5151515151515151,132.0,68.0
656,657,Joltik,Bug,Electric,50,47,50,57,50,65,5,False,0.463768115942029,138.0,64.0
657,658,Galvantula,Bug,Electric,70,77,60,97,60,108,5,False,0.8394160583941606,137.0,115.0
658,659,Ferroseed,Grass,Steel,44,50,91,24,86,10,5,False,0.1981981981981982,111.0,22.0
659,660,Ferrothorn,Grass,Steel,74,94,131,54,116,20,5,False,0.4485294117647059,136.0,61.0
660,661,Klink,Steel,,40,55,70,45,60,30,5,False,0.10619469026548672,113.0,12.0
661,662,Klang,Steel,,60,80,95,70,85,50,5,False,0.2231404958677686,121.0,27.0
662,663,Klinklang,Steel,,60,100,115,70,85,90,5,False,0.7557251908396947,131.0,99.0
663,664,Tynamo,Electric,,35,55,40,45,40,60,5,False,0.35714285714285715,126.0,45.0
664,665,Eelektrik,Electric,,65,85,70,75,70,40,5,False,0.203125,128.0,26.0
665,666,Eelektross,Electric,,85,115,80,105,80,50,5,False,0.3063063063063063,111.0,34.0
666,667,Elgyem,Psychic,,55,55,55,85,55,30,5,False,0.1320754716981132,159.0,21.0
667,668,Beheeyem,Psychic,,75,75,75,125,95,40,5,False,0.15671641791044777,134.0,21.0
668,669,Litwick,Ghost,Fire,50,30,55,65,55,20,5,False,0.13675213675213677,117.0,16.0
669,670,Lampent,Ghost,Fire,60,40,60,95,60,55,5,False,0.4222222222222222,135.0,57.0
670,671,Chandelure,Ghost,Fire,60,55,90,145,90,80,5,False,0.6071428571428571,112.0,68.0
671,672,Axew,Dragon,,46,87,60,30,40,57,5,False,0.37777777777777777,135.0,51.0
672,673,Fraxure,Dragon,,66,117,70,40,50,67,5,False,0.4573643410852713,129.0,59.0
673,674,Haxorus,Dragon,,76,147,90,60,70,97,5,False,0.8267716535433071,127.0,105.0
674,675,Cubchoo,Ice,,55,70,40,60,40,40,5,False,0.26956521739130435,115.0,31.0
675,676,Beartic,Ice,,95,110,80,70,80,50,5,False,0.37209302325581395,129.0,48.0
676,677,Cryogonal,Ice,,70,50,30,95,135,105,5,False,0.8040540540540541,148.0,119.0
677,678,Shelmet,Bug,,50,40,85,40,65,25,5,False,0.08870967741935484,124.0,11.0
678,679,Accelgor,Bug,,80,70,40,100,60,145,5,False,0.921875,128.0,118.0
679,680,Stunfisk,Ground,Electric,109,66,84,81,99,32,5,False,0.2013888888888889,144.0,29.0
680,681,Mienfoo,Fighting,,45,85,50,55,50,65,5,False,0.5076923076923077,130.0,66.0
681,682,Mienshao,Fighting,,65,125,60,95,60,105,5,False,0.9236641221374046,131.0,121.0
682,683,Druddigon,Dragon,,77,120,90,60,90,48,5,False,0.2785714285714286,140.0,39.0
683,684,Golett,Ground,Ghost,59,74,50,35,50,35,5,False,0.3125,128.0,40.0
684,685,Golurk,Ground,Ghost,89,124,80,55,80,55,5,False,0.5714285714285714,126.0,72.0
685,686,Pawniard,Dark,Steel,45,85,70,40,40,60,5,False,0.5229357798165137,109.0,57.0
686,687,Bisharp,Dark,Steel,65,125,100,60,70,70,5,False,0.6099290780141844,141.0,86.0
687,688,Bouffalant,Normal,,95,110,95,40,95,55,5,False,0.40336134453781514,119.0,48.0
688,689,Rufflet,Normal,Flying,70,83,50,37,50,60,5,False,0.3360655737704918,122.0,41.0
689,690,Braviary,Normal,Flying,100,123,75,57,75,80,5,False,0.6923076923076923,156.0,108.0
690,691,Vullaby,Dark,Flying,70,55,75,45,65,60,5,False,0.45901639344262296,122.0,56.0
691,692,Mandibuzz,Dark,Flying,110,65,105,55,95,80,5,False,0.6258503401360545,147.0,92.0
692,693,Heatmor,Fire,,85,97,66,105,66,65,5,False,0.47107438016528924,121.0,57.0
693,694,Durant,Bug,Steel,58,109,112,48,48,109,5,False,0.8805970149253731,134.0,118.0
694,695,Deino,Dark,Dragon,52,65,50,45,50,38,5,False,0.27419354838709675,124.0,34.0
695,696,Zweilous,Dark,Dragon,72,85,70,65,70,58,5,False,0.41304347826086957,138.0,57.0
696,697,Hydreigon,Dark,Dragon,92,105,90,125,90,98,5,False,0.8217054263565892,129.0,106.0
697,698,Larvesta,Bug,Fire,55,85,55,50,55,60,5,False,0.4233576642335766,137.0,58.0
698,699,Volcarona,Bug,Fire,85,60,65,135,105,100,5,False,0.7518248175182481,137.0,103.0
699,700,Cobalion,Steel,Fighting,91,90,129,90,72,108,5,True,0.9140625,128.0,117.0
700,701,Terrakion,Rock,Fighting,91,129,90,72,90,108,5,True,0.8536585365853658,123.0,105.0
701,702,Virizion,Grass,Fighting,91,90,72,90,129,108,5,True,0.896,125.0,112.0
702,703,Tornadus Incarnate Forme,Flying,,79,115,70,125,80,111,5,True,0.8468468468468469,111.0,94.0
703,704,Tornadus Therian Forme,Flying,,79,100,80,110,90,121,5,True,0.968,125.0,121.0
704,705,Thundurus Incarnate Forme,Electric,Flying,79,115,70,125,80,111,5,True,0.864,125.0,108.0
705,706,Thundurus Therian Forme,Electric,Flying,79,105,70,145,80,101,5,True,0.8608695652173913,115.0,99.0
706,707,Reshiram,Dragon,Fire,100,120,100,150,120,90,5,True,0.728,125.0,91.0
707,708,Zekrom,Dragon,Electric,100,150,120,120,100,90,5,True,0.6493506493506493,154.0,100.0
708,709,Landorus Incarnate Forme,Ground,Flying,89,125,90,115,80,101,5,True,0.8725490196078431,102.0,89.0
709,710,Landorus Therian Forme,Ground,Flying,89,145,90,105,80,91,5,True,0.8549618320610687,131.0,112.0
710,711,Kyurem,Dragon,Ice,125,130,90,130,90,95,5,True,0.7734375,128.0,99.0
711,712,Kyurem Black Kyurem,Dragon,Ice,125,170,100,120,90,95,5,True,0.77,100.0,77.0
712,713,Kyurem White Kyurem,Dragon,Ice,125,120,90,170,100,95,5,True,0.78125,128.0,100.0
713,714,Keldeo Ordinary Forme,Water,Fighting,91,72,90,129,90,108,5,False,0.8620689655172413,116.0,100.0
714,715,Keldeo Resolute Forme,Water,Fighting,91,72,90,129,90,108,5,False,0.8925619834710744,121.0,108.0
715,716,Meloetta Aria Forme,Normal,Psychic,100,77,77,128,128,90,5,False,0.6901408450704225,142.0,98.0
716,717,Meloetta Pirouette Forme,Normal,Fighting,100,128,90,77,77,128,5,False,0.959349593495935,123.0,118.0
717,718,Genesect,Bug,Steel,71,120,95,120,95,99,5,False,0.8203125,128.0,105.0
718,719,Chespin,Grass,,56,61,65,48,45,38,6,False,0.17567567567567569,148.0,26.0
719,720,Quilladin,Grass,,61,78,95,56,58,57,6,False,0.40336134453781514,119.0,48.0
720,721,Chesnaught,Grass,Fighting,88,107,122,74,75,64,6,False,0.4596774193548387,124.0,57.0
721,722,Fennekin,Fire,,40,45,40,62,60,60,6,False,0.33884297520661155,121.0,41.0
722,723,Braixen,Fire,,59,59,58,90,70,73,6,False,0.5826086956521739,115.0,67.0
723,724,Delphox,Fire,Psychic,75,69,72,114,100,104,6,False,0.8253968253968254,126.0,104.0
724,725,Froakie,Water,,41,56,40,62,44,71,6,False,0.568,125.0,71.0
725,726,Frogadier,Water,,54,63,52,83,56,97,6,False,0.7697841726618705,139.0,107.0
726,727,Greninja,Water,Dark,72,95,67,103,71,122,6,False,0.9606299212598425,127.0,122.0
727,728,Bunnelby,Normal,,38,36,38,32,36,57,6,False,0.3893805309734513,113.0,44.0
728,729,Diggersby,Normal,Ground,85,56,77,50,77,78,6,False,0.53125,128.0,68.0
729,730,Fletchling,Normal,Flying,45,50,43,40,38,62,6,False,0.40441176470588236,136.0,55.0
730,731,Fletchinder,Fire,Flying,62,73,55,56,52,84,6,False,0.7244094488188977,127.0,92.0
731,732,Talonflame,Fire,Flying,78,81,71,74,69,126,6,False,0.9090909090909091,132.0,120.0
732,733,Scatterbug,Bug,,38,35,40,27,25,35,6,False,0.08208955223880597,134.0,11.0
733,734,Spewpa,Bug,,45,22,60,27,30,29,6,False,0.07518796992481203,133.0,10.0
734,735,Vivillon,Bug,Flying,80,52,50,90,50,89,6,False,0.6666666666666666,120.0,80.0
735,736,Litleo,Fire,Normal,62,50,58,73,54,72,6,False,0.4435483870967742,124.0,55.0
736,737,Pyroar,Fire,Normal,86,68,72,109,66,106,6,False,0.8099173553719008,121.0,98.0
737,738,Flabébé,Fairy,,44,38,39,61,79,42,6,False,0.2251655629139073,151.0,34.0
738,739,Floette,Fairy,,54,45,47,75,98,52,6,False,0.39669421487603307,121.0,48.0
739,740,Florges,Fairy,,78,65,68,112,154,75,6,False,0.628099173553719,121.0,76.0
740,741,Skiddo,Grass,,66,65,48,62,57,52,6,False,0.36220472440944884,127.0,46.0
741,742,Gogoat,Grass,,123,100,62,97,81,68,6,False,0.4806201550387597,129.0,62.0
742,743,Pancham,Fighting,,67,82,62,46,48,43,6,False,0.22033898305084745,118.0,26.0
743,744,Pangoro,Fighting,Dark,95,124,78,69,71,58,6,False,0.37398373983739835,123.0,46.0
744,745,Furfrou,Normal,,75,80,60,65,90,102,6,False,0.8625954198473282,131.0,113.0
745,746,Espurr,Psychic,,62,48,54,63,60,68,6,False,0.5178571428571429,112.0,58.0
746,747,Meowstic Male,Psychic,,74,48,76,83,81,104,6,False,0.7913043478260869,115.0,91.0
747,748,Meowstic Female,Psychic,,74,48,76,83,81,104,6,False,0.7322834645669292,127.0,93.0
748,749,Honedge,Steel,Ghost,45,80,100,35,37,28,6,False,0.3125,112.0,35.0
749,750,Doublade,Steel,Ghost,59,110,150,45,49,35,6,False,0.3333333333333333,132.0,44.0
750,751,Aegislash Blade Forme,Steel,Ghost,60,150,50,150,50,60,6,False,0.5,128.0,64.0
751,752,Aegislash Shield Forme,Steel,Ghost,60,50,150,50,150,60,6,False,0.5206611570247934,121.0,63.0
752,753,Spritzee,Fairy,,78,52,60,63,65,23,6,False,0.06015037593984962,133.0,8.0
753,754,Aromatisse,Fairy,,101,72,72,99,89,29,6,False,0.1937984496124031,129.0,25.0
754,755,Swirlix,Fairy,,62,48,66,59,57,49,6,False,0.33884297520661155,121.0,41.0
755,756,Slurpuff,Fairy,,82,80,86,85,75,72,6,False,0.6183206106870229,131.0,81.0
756,757,Inkay,Dark,Psychic,53,54,53,37,46,45,6,False,0.3090909090909091,110.0,34.0
757,758,Malamar,Dark,Psychic,86,92,88,68,75,73,6,False,0.6835443037974683,158.0,108.0
758,759,Binacle,Rock,Water,42,52,67,39,56,50,6,False,0.2868217054263566,129.0,37.0
759,760,Barbaracle,Rock,Water,72,105,115,54,86,68,6,False,0.5149253731343284,134.0,69.0
760,761,Skrelp,Poison,Water,50,60,60,60,60,30,6,False,0.11290322580645161,124.0,14.0
761,762,Dragalge,Poison,Dragon,65,75,90,97,123,44,6,False,0.1987179487179487,156.0,31.0
762,763,Clauncher,Water,,50,53,62,58,63,44,6,False,0.13709677419354838,124.0,17.0
763,764,Clawitzer,Water,,71,73,88,120,89,59,6,False,0.43537414965986393,147.0,64.0
764,765,Helioptile,Electric,Normal,44,38,33,61,43,70,6,False,0.5267857142857143,112.0,59.0
765,766,Heliolisk,Electric,Normal,62,55,52,109,94,109,6,False,0.7833333333333333,120.0,94.0
766,767,Tyrunt,Rock,Dragon,58,89,77,45,45,48,6,False,0.3177570093457944,107.0,34.0
767,768,Tyrantrum,Rock,Dragon,82,121,119,69,59,71,6,False,0.5394736842105263,152.0,82.0
768,769,Amaura,Rock,Ice,77,59,50,67,63,46,6,False,0.23140495867768596,121.0,28.0
769,770,Aurorus,Rock,Ice,123,77,72,99,92,58,6,False,0.4621212121212121,132.0,61.0
770,771,Sylveon,Fairy,,95,65,65,110,130,60,6,False,0.4016393442622951,122.0,49.0
771,772,Hawlucha,Fighting,Flying,78,92,75,74,63,118,6,False,0.8842975206611571,121.0,107.0
772,773,Dedenne,Electric,Fairy,67,58,57,81,67,101,6,False,0.8790322580645161,124.0,109.0
773,774,Carbink,Rock,Fairy,50,50,150,50,150,50,6,False,0.2571428571428571,140.0,36.0
774,775,Goomy,Dragon,,45,50,35,55,75,40,6,False,0.21367521367521367,117.0,25.0
775,776,Sliggoo,Dragon,,68,75,53,83,113,60,6,False,0.45384615384615384,130.0,59.0
776,777,Goodra,Dragon,,90,100,70,110,150,80,6,False,0.6037735849056604,106.0,64.0
777,778,Klefki,Steel,Fairy,57,80,91,80,87,75,6,False,0.5737704918032787,122.0,70.0
778,779,Phantump,Ghost,Grass,43,70,48,50,60,38,6,False,0.2391304347826087,138.0,33.0
779,780,Trevenant,Ghost,Grass,85,110,76,65,82,56,6,False,0.3933333333333333,150.0,59.0
780,781,Pumpkaboo Average Size,Ghost,Grass,49,66,70,44,55,51,6,False,0.4260869565217391,115.0,49.0
781,782,Pumpkaboo Small Size,Ghost,Grass,44,66,70,44,55,56,6,False,0.0,0.0,0.0
782,783,Pumpkaboo Large Size,Ghost,Grass,54,66,70,44,55,46,6,False,0.4214876033057851,121.0,51.0
783,784,Pumpkaboo Super Size,Ghost,Grass,59,66,70,44,55,41,6,False,0.25190839694656486,131.0,33.0
784,785,Gourgeist Average Size,Ghost,Grass,65,90,122,58,75,84,6,False,0.71875,128.0,92.0
785,786,Gourgeist Small Size,Ghost,Grass,55,85,122,58,75,99,6,False,0.8099173553719008,121.0,98.0
786,787,Gourgeist Large Size,Ghost,Grass,75,95,122,58,75,69,6,False,0.5725806451612904,124.0,71.0
787,788,Gourgeist Super Size,Ghost,Grass,85,100,122,58,75,54,6,False,0.3939393939393939,132.0,52.0
788,789,Bergmite,Ice,,55,69,85,32,35,28,6,False,0.09302325581395349,129.0,12.0
789,790,Avalugg,Ice,,95,117,184,44,46,28,6,False,0.2975206611570248,121.0,36.0
790,791,Noibat,Flying,Dragon,40,30,35,45,40,55,6,False,0.31496062992125984,127.0,40.0
791,792,Noivern,Flying,Dragon,85,70,80,97,80,123,6,False,0.9304347826086956,115.0,107.0
792,793,Xerneas,Fairy,,126,131,95,131,98,99,6,True,0.8294573643410853,129.0,107.0
793,794,Yveltal,Dark,Flying,126,131,95,131,98,99,6,True,0.8102189781021898,137.0,111.0
794,795,Zygarde Half Forme,Dragon,Ground,108,100,121,81,95,95,6,True,0.7476635514018691,107.0,80.0
795,796,Diancie,Rock,Fairy,50,100,150,100,150,50,6,True,0.37142857142857144,105.0,39.0
796,797,Mega Diancie,Rock,Fairy,50,160,110,160,110,110,6,True,0.8854961832061069,131.0,116.0
797,798,Hoopa Confined,Psychic,Ghost,80,110,60,150,130,70,6,True,0.5042016806722689,119.0,60.0
798,799,Hoopa Unbound,Psychic,Dark,80,160,60,170,130,80,6,True,0.6180555555555556,144.0,89.0
799,800,Volcanion,Fire,Water,80,110,120,130,90,70,6,True,0.6198347107438017,121.0,75.0
